dynmo.intra.renault.fr\/e\/83973fe4-b3e4-4617-8293-0c565e0abb17;ofg98687.live.dynatrace.com;
dynmo.intra.renault.fr\/e\/66ca59d8-3945-43be-bc73-62bcc7b3006f;ofg98687.live.dynatrace.com;
dynmo.intra.renault.fr\/e\/9b3bb94f-087e-438f-8131-bbd4f5b47fa6;ofg98687.live.dynatrace.com;
dynmo.intra.renault.fr\/e\/92f5127d-b277-4d75-b325-da77d85a9ef2;ofg98687.live.dynatrace.com;
dynmo.intra.renault.fr\/e\/f1a1b218-99eb-448e-a3ad-6df9d24e456e;rgl59119.live.dynatrace.com;
dynmo.intra.renault.fr\/e\/334fbd8a-c9fc-4d10-9607-4f777e1ce599;rgl59119.live.dynatrace.com;
dynmo.intra.renault.fr\/e\/626bd29a-f579-4c77-8128-d071462c52c1;rgl59119.live.dynatrace.com;
dynmo.intra.renault.fr\/e\/dd2a381f-6db0-4717-a648-f95b63563ac3;rgl59119.live.dynatrace.com;
dynmo.intra.renault.fr\/e\/82fb2a21-6357-42cc-8dcf-218fc0b1a8d6;pyk64984.live.dynatrace.com;
dynmo.intra.renault.fr\/e\/83b3038d-f32f-41c2-9798-f9c0eab9a2b9;pyk64984.live.dynatrace.com;
dynmo.intra.renault.fr\/e\/87dfa3f0-bc0a-4662-bd7b-57e5ca1491c6;pyk64984.live.dynatrace.com;
dynmo.intra.renault.fr\/e\/5c0b0a07-1f0e-4a61-8ef7-8e00e723d222;pyk64984.live.dynatrace.com;